case,n,add,rem,live_000,live_frag,keep,filt,add_000,add_frag,rem_000,rem_frag,net,add_000_w,add_frag_w,rem_000_w,layer
D1_a2.75_r0.80,5365,216,0,13,7,36,7,13,3,0,0,10,刺客+围棋+工程+庆余年+康熙+梦幻+港片+漫画+舰娘+谍战+迪迦+铁血+首富,我真不+真不+诸天之,,D1
D1_a2.75_r0.85,5365,216,0,13,7,36,7,13,3,0,0,10,刺客+围棋+工程+庆余年+康熙+梦幻+港片+漫画+舰娘+谍战+迪迦+铁血+首富,我真不+真不+诸天之,,D1
D1_a2.75_r0.70,5366,217,0,13,7,36,7,13,3,0,0,10,刺客+围棋+工程+庆余年+康熙+梦幻+港片+漫画+舰娘+谍战+迪迦+铁血+首富,我真不+真不+诸天之,,D1
D1_a2.75_r0.75,5366,217,0,13,7,36,7,13,3,0,0,10,刺客+围棋+工程+庆余年+康熙+梦幻+港片+漫画+舰娘+谍战+迪迦+铁血+首富,我真不+真不+诸天之,,D1
D1_a2.75_r0.65,5367,218,0,13,7,36,7,13,3,0,0,10,刺客+围棋+工程+庆余年+康熙+梦幻+港片+漫画+舰娘+谍战+迪迦+铁血+首富,我真不+真不+诸天之,,D1
D1_a2.75_r0.60,5371,222,0,13,7,36,7,13,3,0,0,10,刺客+围棋+工程+庆余年+康熙+梦幻+港片+漫画+舰娘+谍战+迪迦+铁血+首富,我真不+真不+诸天之,,D1
L2_a2.50_r0.70,5382,233,0,13,7,36,7,13,3,0,0,10,刺客+围棋+工程+庆余年+康熙+梦幻+港片+漫画+舰娘+谍战+迪迦+铁血+首富,我真不+真不+诸天之,,L2
L2_a2.50_r0.80,5382,233,0,13,7,36,7,13,3,0,0,10,刺客+围棋+工程+庆余年+康熙+梦幻+港片+漫画+舰娘+谍战+迪迦+铁血+首富,我真不+真不+诸天之,,L2
D1_a2.50_r0.70,5382,233,0,13,7,36,7,13,3,0,0,10,刺客+围棋+工程+庆余年+康熙+梦幻+港片+漫画+舰娘+谍战+迪迦+铁血+首富,我真不+真不+诸天之,,D1
D1_a2.50_r0.75,5382,233,0,13,7,36,7,13,3,0,0,10,刺客+围棋+工程+庆余年+康熙+梦幻+港片+漫画+舰娘+谍战+迪迦+铁血+首富,我真不+真不+诸天之,,D1
D1_a2.50_r0.80,5382,233,0,13,7,36,7,13,3,0,0,10,刺客+围棋+工程+庆余年+康熙+梦幻+港片+漫画+舰娘+谍战+迪迦+铁血+首富,我真不+真不+诸天之,,D1
D1_a2.50_r0.85,5382,233,0,13,7,36,7,13,3,0,0,10,刺客+围棋+工程+庆余年+康熙+梦幻+港片+漫画+舰娘+谍战+迪迦+铁血+首富,我真不+真不+诸天之,,D1
D1_a2.50_r0.65,5383,234,0,13,7,36,7,13,3,0,0,10,刺客+围棋+工程+庆余年+康熙+梦幻+港片+漫画+舰娘+谍战+迪迦+铁血+首富,我真不+真不+诸天之,,D1
L2_a2.50_r0.60,5386,237,0,13,7,36,7,13,3,0,0,10,刺客+围棋+工程+庆余年+康熙+梦幻+港片+漫画+舰娘+谍战+迪迦+铁血+首富,我真不+真不+诸天之,,L2
D1_a2.50_r0.60,5386,237,0,13,7,36,7,13,3,0,0,10,刺客+围棋+工程+庆余年+康熙+梦幻+港片+漫画+舰娘+谍战+迪迦+铁血+首富,我真不+真不+诸天之,,D1
D1_a2.25_r0.95,5398,249,0,13,7,36,7,13,3,0,0,10,刺客+围棋+工程+庆余年+康熙+梦幻+港片+漫画+舰娘+谍战+迪迦+铁血+首富,我真不+真不+诸天之,,D1
L2_a2.25_r0.70,5403,254,0,13,7,36,7,13,3,0,0,10,刺客+围棋+工程+庆余年+康熙+梦幻+港片+漫画+舰娘+谍战+迪迦+铁血+首富,我真不+真不+诸天之,,L2
L2_a2.25_r0.80,5403,254,0,13,7,36,7,13,3,0,0,10,刺客+围棋+工程+庆余年+康熙+梦幻+港片+漫画+舰娘+谍战+迪迦+铁血+首富,我真不+真不+诸天之,,L2
D1_a2.25_r0.70,5403,254,0,13,7,36,7,13,3,0,0,10,刺客+围棋+工程+庆余年+康熙+梦幻+港片+漫画+舰娘+谍战+迪迦+铁血+首富,我真不+真不+诸天之,,D1
D1_a2.25_r0.75,5403,254,0,13,7,36,7,13,3,0,0,10,刺客+围棋+工程+庆余年+康熙+梦幻+港片+漫画+舰娘+谍战+迪迦+铁血+首富,我真不+真不+诸天之,,D1
D1_a2.25_r0.80,5403,254,0,13,7,36,7,13,3,0,0,10,刺客+围棋+工程+庆余年+康熙+梦幻+港片+漫画+舰娘+谍战+迪迦+铁血+首富,我真不+真不+诸天之,,D1
D1_a2.25_r0.85,5403,254,0,13,7,36,7,13,3,0,0,10,刺客+围棋+工程+庆余年+康熙+梦幻+港片+漫画+舰娘+谍战+迪迦+铁血+首富,我真不+真不+诸天之,,D1
D1_a2.25_r0.90,5403,254,0,13,7,36,7,13,3,0,0,10,刺客+围棋+工程+庆余年+康熙+梦幻+港片+漫画+舰娘+谍战+迪迦+铁血+首富,我真不+真不+诸天之,,D1
D1_a2.25_r0.65,5404,255,0,13,7,36,7,13,3,0,0,10,刺客+围棋+工程+庆余年+康熙+梦幻+港片+漫画+舰娘+谍战+迪迦+铁血+首富,我真不+真不+诸天之,,D1
L2_a2.25_r0.60,5407,258,0,13,7,36,7,13,3,0,0,10,刺客+围棋+工程+庆余年+康熙+梦幻+港片+漫画+舰娘+谍战+迪迦+铁血+首富,我真不+真不+诸天之,,L2
D1_a2.25_r0.60,5407,258,0,13,7,36,7,13,3,0,0,10,刺客+围棋+工程+庆余年+康熙+梦幻+港片+漫画+舰娘+谍战+迪迦+铁血+首富,我真不+真不+诸天之,,D1
D1_a2.00_r0.95,5408,259,0,13,7,36,8,13,3,0,0,10,刺客+围棋+工程+庆余年+康熙+梦幻+港片+漫画+舰娘+谍战+迪迦+铁血+首富,我真不+真不+诸天之,,D1
D3_asymonly2.0,5408,259,0,13,7,36,8,13,3,0,0,10,刺客+围棋+工程+庆余年+康熙+梦幻+港片+漫画+舰娘+谍战+迪迦+铁血+首富,我真不+真不+诸天之,,D3
L2_a2.00_r0.70,5413,264,0,13,7,36,8,13,3,0,0,10,刺客+围棋+工程+庆余年+康熙+梦幻+港片+漫画+舰娘+谍战+迪迦+铁血+首富,我真不+真不+诸天之,,L2
L2_a2.00_r0.80,5413,264,0,13,7,36,8,13,3,0,0,10,刺客+围棋+工程+庆余年+康熙+梦幻+港片+漫画+舰娘+谍战+迪迦+铁血+首富,我真不+真不+诸天之,,L2
L4_fix(a2.0_r0.7),5413,264,0,13,7,36,8,13,3,0,0,10,刺客+围棋+工程+庆余年+康熙+梦幻+港片+漫画+舰娘+谍战+迪迦+铁血+首富,我真不+真不+诸天之,,L4
D1_a2.00_r0.70,5413,264,0,13,7,36,8,13,3,0,0,10,刺客+围棋+工程+庆余年+康熙+梦幻+港片+漫画+舰娘+谍战+迪迦+铁血+首富,我真不+真不+诸天之,,D1
D1_a2.00_r0.75,5413,264,0,13,7,36,8,13,3,0,0,10,刺客+围棋+工程+庆余年+康熙+梦幻+港片+漫画+舰娘+谍战+迪迦+铁血+首富,我真不+真不+诸天之,,D1
D1_a2.00_r0.80,5413,264,0,13,7,36,8,13,3,0,0,10,刺客+围棋+工程+庆余年+康熙+梦幻+港片+漫画+舰娘+谍战+迪迦+铁血+首富,我真不+真不+诸天之,,D1
D1_a2.00_r0.85,5413,264,0,13,7,36,8,13,3,0,0,10,刺客+围棋+工程+庆余年+康熙+梦幻+港片+漫画+舰娘+谍战+迪迦+铁血+首富,我真不+真不+诸天之,,D1
D1_a2.00_r0.90,5413,264,0,13,7,36,8,13,3,0,0,10,刺客+围棋+工程+庆余年+康熙+梦幻+港片+漫画+舰娘+谍战+迪迦+铁血+首富,我真不+真不+诸天之,,D1
D2_depth2,5413,264,0,13,7,36,8,13,3,0,0,10,刺客+围棋+工程+庆余年+康熙+梦幻+港片+漫画+舰娘+谍战+迪迦+铁血+首富,我真不+真不+诸天之,,D2
D2_depth3,5413,264,0,13,7,36,8,13,3,0,0,10,刺客+围棋+工程+庆余年+康熙+梦幻+港片+漫画+舰娘+谍战+迪迦+铁血+首富,我真不+真不+诸天之,,D2
D2_depth4,5413,264,0,13,7,36,8,13,3,0,0,10,刺客+围棋+工程+庆余年+康熙+梦幻+港片+漫画+舰娘+谍战+迪迦+铁血+首富,我真不+真不+诸天之,,D2
D2_depth-1,5413,264,0,13,7,36,8,13,3,0,0,10,刺客+围棋+工程+庆余年+康熙+梦幻+港片+漫画+舰娘+谍战+迪迦+铁血+首富,我真不+真不+诸天之,,D2
D3_both,5413,264,0,13,7,36,8,13,3,0,0,10,刺客+围棋+工程+庆余年+康熙+梦幻+港片+漫画+舰娘+谍战+迪迦+铁血+首富,我真不+真不+诸天之,,D3
D4_alpha0.50,5413,264,0,13,7,36,8,13,3,0,0,10,刺客+围棋+工程+庆余年+康熙+梦幻+港片+漫画+舰娘+谍战+迪迦+铁血+首富,我真不+真不+诸天之,,D4
D4_alpha0.55,5413,264,0,13,7,36,8,13,3,0,0,10,刺客+围棋+工程+庆余年+康熙+梦幻+港片+漫画+舰娘+谍战+迪迦+铁血+首富,我真不+真不+诸天之,,D4
D4_alpha0.60,5413,264,0,13,7,36,8,13,3,0,0,10,刺客+围棋+工程+庆余年+康熙+梦幻+港片+漫画+舰娘+谍战+迪迦+铁血+首富,我真不+真不+诸天之,,D4
D4_alpha0.65,5413,264,0,13,7,36,8,13,3,0,0,10,刺客+围棋+工程+庆余年+康熙+梦幻+港片+漫画+舰娘+谍战+迪迦+铁血+首富,我真不+真不+诸天之,,D4
D4_alpha0.70,5413,264,0,13,7,36,8,13,3,0,0,10,刺客+围棋+工程+庆余年+康熙+梦幻+港片+漫画+舰娘+谍战+迪迦+铁血+首富,我真不+真不+诸天之,,D4
D4_alpha0.75,5413,264,0,13,7,36,8,13,3,0,0,10,刺客+围棋+工程+庆余年+康熙+梦幻+港片+漫画+舰娘+谍战+迪迦+铁血+首富,我真不+真不+诸天之,,D4
D4_alpha0.80,5413,264,0,13,7,36,8,13,3,0,0,10,刺客+围棋+工程+庆余年+康熙+梦幻+港片+漫画+舰娘+谍战+迪迦+铁血+首富,我真不+真不+诸天之,,D4
D4_alpha0.85,5413,264,0,13,7,36,8,13,3,0,0,10,刺客+围棋+工程+庆余年+康熙+梦幻+港片+漫画+舰娘+谍战+迪迦+铁血+首富,我真不+真不+诸天之,,D4
D4_alpha0.90,5413,264,0,13,7,36,8,13,3,0,0,10,刺客+围棋+工程+庆余年+康熙+梦幻+港片+漫画+舰娘+谍战+迪迦+铁血+首富,我真不+真不+诸天之,,D4
D4_alpha0.95,5413,264,0,13,7,36,8,13,3,0,0,10,刺客+围棋+工程+庆余年+康熙+梦幻+港片+漫画+舰娘+谍战+迪迦+铁血+首富,我真不+真不+诸天之,,D4
F3_ref(a2.0_r0.7),5413,264,0,13,7,36,8,13,3,0,0,10,刺客+围棋+工程+庆余年+康熙+梦幻+港片+漫画+舰娘+谍战+迪迦+铁血+首富,我真不+真不+诸天之,,ref
L4_U2(a2.0_r0.7),5414,265,0,13,7,36,9,13,3,0,0,10,刺客+围棋+工程+庆余年+康熙+梦幻+港片+漫画+舰娘+谍战+迪迦+铁血+首富,我真不+真不+诸天之,,L4
D1_a2.00_r0.65,5414,265,0,13,7,36,8,13,3,0,0,10,刺客+围棋+工程+庆余年+康熙+梦幻+港片+漫画+舰娘+谍战+迪迦+铁血+首富,我真不+真不+诸天之,,D1
D2_depth1,5414,265,0,13,7,36,9,13,3,0,0,10,刺客+围棋+工程+庆余年+康熙+梦幻+港片+漫画+舰娘+谍战+迪迦+铁血+首富,我真不+真不+诸天之,,D2
L2_a2.00_r0.60,5416,267,0,13,7,36,8,13,3,0,0,10,刺客+围棋+工程+庆余年+康熙+梦幻+港片+漫画+舰娘+谍战+迪迦+铁血+首富,我真不+真不+诸天之,,L2
D1_a2.00_r0.60,5416,267,0,13,7,36,8,13,3,0,0,10,刺客+围棋+工程+庆余年+康熙+梦幻+港片+漫画+舰娘+谍战+迪迦+铁血+首富,我真不+真不+诸天之,,D1
D1_a3.25_r0.80,5334,185,0,11,6,36,6,11,2,0,0,9,刺客+工程+庆余年+康熙+梦幻+港片+漫画+舰娘+谍战+迪迦+首富,我真不+真不,,D1
D1_a3.25_r0.85,5334,185,0,11,6,36,6,11,2,0,0,9,刺客+工程+庆余年+康熙+梦幻+港片+漫画+舰娘+谍战+迪迦+首富,我真不+真不,,D1
D1_a3.25_r0.70,5335,186,0,11,6,36,6,11,2,0,0,9,刺客+工程+庆余年+康熙+梦幻+港片+漫画+舰娘+谍战+迪迦+首富,我真不+真不,,D1
D1_a3.25_r0.75,5335,186,0,11,6,36,6,11,2,0,0,9,刺客+工程+庆余年+康熙+梦幻+港片+漫画+舰娘+谍战+迪迦+首富,我真不+真不,,D1
D1_a3.25_r0.65,5336,187,0,11,6,36,6,11,2,0,0,9,刺客+工程+庆余年+康熙+梦幻+港片+漫画+舰娘+谍战+迪迦+首富,我真不+真不,,D1
D1_a3.25_r0.60,5344,195,0,11,6,36,6,11,2,0,0,9,刺客+工程+庆余年+康熙+梦幻+港片+漫画+舰娘+谍战+迪迦+首富,我真不+真不,,D1
D1_a3.00_r0.80,5353,204,0,12,7,36,7,12,3,0,0,9,刺客+工程+庆余年+康熙+梦幻+港片+漫画+舰娘+谍战+迪迦+铁血+首富,我真不+真不+诸天之,,D1
D1_a3.00_r0.85,5353,204,0,12,7,36,7,12,3,0,0,9,刺客+工程+庆余年+康熙+梦幻+港片+漫画+舰娘+谍战+迪迦+铁血+首富,我真不+真不+诸天之,,D1
D1_a3.00_r0.70,5354,205,0,12,7,36,7,12,3,0,0,9,刺客+工程+庆余年+康熙+梦幻+港片+漫画+舰娘+谍战+迪迦+铁血+首富,我真不+真不+诸天之,,D1
D1_a3.00_r0.75,5354,205,0,12,7,36,7,12,3,0,0,9,刺客+工程+庆余年+康熙+梦幻+港片+漫画+舰娘+谍战+迪迦+铁血+首富,我真不+真不+诸天之,,D1
D1_a3.00_r0.65,5355,206,0,12,7,36,7,12,3,0,0,9,刺客+工程+庆余年+康熙+梦幻+港片+漫画+舰娘+谍战+迪迦+铁血+首富,我真不+真不+诸天之,,D1
D1_a2.75_r0.95,5359,210,0,12,7,36,7,12,3,0,0,9,刺客+围棋+工程+庆余年+梦幻+港片+漫画+舰娘+谍战+迪迦+铁血+首富,我真不+真不+诸天之,,D1
D1_a3.00_r0.60,5360,211,0,12,7,36,7,12,3,0,0,9,刺客+工程+庆余年+康熙+梦幻+港片+漫画+舰娘+谍战+迪迦+铁血+首富,我真不+真不+诸天之,,D1
D1_a2.75_r0.90,5364,215,0,12,7,36,7,12,3,0,0,9,刺客+围棋+工程+庆余年+梦幻+港片+漫画+舰娘+谍战+迪迦+铁血+首富,我真不+真不+诸天之,,D1
D1_a2.50_r0.95,5376,227,0,12,7,36,7,12,3,0,0,9,刺客+围棋+工程+庆余年+梦幻+港片+漫画+舰娘+谍战+迪迦+铁血+首富,我真不+真不+诸天之,,D1
D1_a2.75_r0.55,5377,228,0,13,8,36,9,13,4,0,0,9,刺客+围棋+工程+庆余年+康熙+梦幻+港片+漫画+舰娘+谍战+迪迦+铁血+首富,我只+我真不+真不+诸天之,,D1
D1_a2.50_r0.90,5381,232,0,12,7,36,7,12,3,0,0,9,刺客+围棋+工程+庆余年+梦幻+港片+漫画+舰娘+谍战+迪迦+铁血+首富,我真不+真不+诸天之,,D1
D1_a2.50_r0.55,5391,242,0,13,8,36,9,13,4,0,0,9,刺客+围棋+工程+庆余年+康熙+梦幻+港片+漫画+舰娘+谍战+迪迦+铁血+首富,我只+我真不+真不+诸天之,,D1
D1_a2.25_r0.55,5411,262,0,13,8,36,9,13,4,0,0,9,刺客+围棋+工程+庆余年+康熙+梦幻+港片+漫画+舰娘+谍战+迪迦+铁血+首富,我只+我真不+真不+诸天之,,D1
D1_a2.00_r0.55,5420,271,0,13,8,36,10,13,4,0,0,9,刺客+围棋+工程+庆余年+康熙+梦幻+港片+漫画+舰娘+谍战+迪迦+铁血+首富,我只+我真不+真不+诸天之,,D1
D1_a3.50_r0.80,5319,170,0,10,6,36,5,10,2,0,0,8,刺客+工程+庆余年+康熙+梦幻+港片+舰娘+谍战+迪迦+首富,我真不+真不,,D1
D1_a3.50_r0.85,5319,170,0,10,6,36,5,10,2,0,0,8,刺客+工程+庆余年+康熙+梦幻+港片+舰娘+谍战+迪迦+首富,我真不+真不,,D1
D1_a3.50_r0.70,5320,171,0,10,6,36,5,10,2,0,0,8,刺客+工程+庆余年+康熙+梦幻+港片+舰娘+谍战+迪迦+首富,我真不+真不,,D1
D1_a3.50_r0.75,5320,171,0,10,6,36,5,10,2,0,0,8,刺客+工程+庆余年+康熙+梦幻+港片+舰娘+谍战+迪迦+首富,我真不+真不,,D1
D1_a3.50_r0.65,5321,172,0,10,6,36,5,10,2,0,0,8,刺客+工程+庆余年+康熙+梦幻+港片+舰娘+谍战+迪迦+首富,我真不+真不,,D1
D1_a3.25_r0.95,5328,179,0,10,6,36,6,10,2,0,0,8,刺客+工程+庆余年+梦幻+港片+漫画+舰娘+谍战+迪迦+首富,我真不+真不,,D1
D1_a3.50_r0.60,5331,182,0,10,6,36,5,10,2,0,0,8,刺客+工程+庆余年+康熙+梦幻+港片+舰娘+谍战+迪迦+首富,我真不+真不,,D1
D1_a3.25_r0.90,5333,184,0,10,6,36,6,10,2,0,0,8,刺客+工程+庆余年+梦幻+港片+漫画+舰娘+谍战+迪迦+首富,我真不+真不,,D1
D1_a3.00_r0.95,5347,198,0,11,7,36,7,11,3,0,0,8,刺客+工程+庆余年+梦幻+港片+漫画+舰娘+谍战+迪迦+铁血+首富,我真不+真不+诸天之,,D1
D1_a3.50_r0.55,5348,199,0,11,7,36,8,11,3,0,0,8,刺客+工程+庆余年+康熙+梦幻+港片+漫画+舰娘+谍战+迪迦+首富,我只+我真不+真不,,D1
D1_a3.00_r0.90,5352,203,0,11,7,36,7,11,3,0,0,8,刺客+工程+庆余年+梦幻+港片+漫画+舰娘+谍战+迪迦+铁血+首富,我真不+真不+诸天之,,D1
D1_a3.25_r0.55,5355,206,0,11,7,36,8,11,3,0,0,8,刺客+工程+庆余年+康熙+梦幻+港片+漫画+舰娘+谍战+迪迦+首富,我只+我真不+真不,,D1
D1_a3.00_r0.55,5370,221,0,12,8,36,9,12,4,0,0,8,刺客+工程+庆余年+康熙+梦幻+港片+漫画+舰娘+谍战+迪迦+铁血+首富,我只+我真不+真不+诸天之,,D1
D1_a1.75_r0.95,5430,281,0,13,9,36,10,13,5,0,0,8,刺客+围棋+工程+庆余年+康熙+梦幻+港片+漫画+舰娘+谍战+迪迦+铁血+首富,之我+我只+我真不+真不+诸天之,,D1
L2_a1.75_r0.70,5435,286,0,13,9,36,10,13,5,0,0,8,刺客+围棋+工程+庆余年+康熙+梦幻+港片+漫画+舰娘+谍战+迪迦+铁血+首富,之我+我只+我真不+真不+诸天之,,L2
L2_a1.75_r0.80,5435,286,0,13,9,36,10,13,5,0,0,8,刺客+围棋+工程+庆余年+康熙+梦幻+港片+漫画+舰娘+谍战+迪迦+铁血+首富,之我+我只+我真不+真不+诸天之,,L2
D1_a1.75_r0.70,5435,286,0,13,9,36,10,13,5,0,0,8,刺客+围棋+工程+庆余年+康熙+梦幻+港片+漫画+舰娘+谍战+迪迦+铁血+首富,之我+我只+我真不+真不+诸天之,,D1
D1_a1.75_r0.75,5435,286,0,13,9,36,10,13,5,0,0,8,刺客+围棋+工程+庆余年+康熙+梦幻+港片+漫画+舰娘+谍战+迪迦+铁血+首富,之我+我只+我真不+真不+诸天之,,D1
D1_a1.75_r0.80,5435,286,0,13,9,36,10,13,5,0,0,8,刺客+围棋+工程+庆余年+康熙+梦幻+港片+漫画+舰娘+谍战+迪迦+铁血+首富,之我+我只+我真不+真不+诸天之,,D1
D1_a1.75_r0.85,5435,286,0,13,9,36,10,13,5,0,0,8,刺客+围棋+工程+庆余年+康熙+梦幻+港片+漫画+舰娘+谍战+迪迦+铁血+首富,之我+我只+我真不+真不+诸天之,,D1
D1_a1.75_r0.90,5435,286,0,13,9,36,10,13,5,0,0,8,刺客+围棋+工程+庆余年+康熙+梦幻+港片+漫画+舰娘+谍战+迪迦+铁血+首富,之我+我只+我真不+真不+诸天之,,D1
D1_a1.75_r0.65,5436,287,0,13,9,36,10,13,5,0,0,8,刺客+围棋+工程+庆余年+康熙+梦幻+港片+漫画+舰娘+谍战+迪迦+铁血+首富,之我+我只+我真不+真不+诸天之,,D1
L2_a1.75_r0.60,5437,288,0,13,9,36,10,13,5,0,0,8,刺客+围棋+工程+庆余年+康熙+梦幻+港片+漫画+舰娘+谍战+迪迦+铁血+首富,之我+我只+我真不+真不+诸天之,,L2
D1_a1.75_r0.60,5437,288,0,13,9,36,10,13,5,0,0,8,刺客+围棋+工程+庆余年+康熙+梦幻+港片+漫画+舰娘+谍战+迪迦+铁血+首富,之我+我只+我真不+真不+诸天之,,D1
D1_a1.75_r0.55,5440,291,0,13,9,36,11,13,5,0,0,8,刺客+围棋+工程+庆余年+康熙+梦幻+港片+漫画+舰娘+谍战+迪迦+铁血+首富,之我+我只+我真不+真不+诸天之,,D1
D1_a3.50_r0.95,5313,164,0,9,6,36,5,9,2,0,0,7,刺客+工程+庆余年+梦幻+港片+舰娘+谍战+迪迦+首富,我真不+真不,,D1
D1_a3.50_r0.90,5318,169,0,9,6,36,5,9,2,0,0,7,刺客+工程+庆余年+梦幻+港片+舰娘+谍战+迪迦+首富,我真不+真不,,D1
D1_a2.75_r0.50,5390,241,0,13,10,36,9,13,6,0,0,7,刺客+围棋+工程+庆余年+康熙+梦幻+港片+漫画+舰娘+谍战+迪迦+铁血+首富,之我+我只+我真+我真不+真不+诸天之,,D1
D1_a2.50_r0.50,5399,250,0,13,10,36,9,13,6,0,0,7,刺客+围棋+工程+庆余年+康熙+梦幻+港片+漫画+舰娘+谍战+迪迦+铁血+首富,之我+我只+我真+我真不+真不+诸天之,,D1
D1_a2.25_r0.50,5418,269,0,13,10,36,9,13,6,0,0,7,刺客+围棋+工程+庆余年+康熙+梦幻+港片+漫画+舰娘+谍战+迪迦+铁血+首富,之我+我只+我真+我真不+真不+诸天之,,D1
D1_a2.00_r0.50,5427,278,0,13,10,36,10,13,6,0,0,7,刺客+围棋+工程+庆余年+康熙+梦幻+港片+漫画+舰娘+谍战+迪迦+铁血+首富,之我+我只+我真+我真不+真不+诸天之,,D1
D1_a1.75_r0.50,5443,294,0,13,10,36,11,13,6,0,0,7,刺客+围棋+工程+庆余年+康熙+梦幻+港片+漫画+舰娘+谍战+迪迦+铁血+首富,之我+我只+我真+我真不+真不+诸天之,,D1
D1_a1.50_r0.95,5448,299,0,13,10,36,12,13,6,0,0,7,刺客+围棋+工程+庆余年+康熙+梦幻+港片+漫画+舰娘+谍战+迪迦+铁血+首富,之我+我只+我真不+真不+罗之+诸天之,,D1
L2_a1.50_r0.70,5453,304,0,13,10,36,12,13,6,0,0,7,刺客+围棋+工程+庆余年+康熙+梦幻+港片+漫画+舰娘+谍战+迪迦+铁血+首富,之我+我只+我真不+真不+罗之+诸天之,,L2
L2_a1.50_r0.80,5453,304,0,13,10,36,12,13,6,0,0,7,刺客+围棋+工程+庆余年+康熙+梦幻+港片+漫画+舰娘+谍战+迪迦+铁血+首富,之我+我只+我真不+真不+罗之+诸天之,,L2
D1_a1.50_r0.65,5453,304,0,13,10,36,12,13,6,0,0,7,刺客+围棋+工程+庆余年+康熙+梦幻+港片+漫画+舰娘+谍战+迪迦+铁血+首富,之我+我只+我真不+真不+罗之+诸天之,,D1
D1_a1.50_r0.70,5453,304,0,13,10,36,12,13,6,0,0,7,刺客+围棋+工程+庆余年+康熙+梦幻+港片+漫画+舰娘+谍战+迪迦+铁血+首富,之我+我只+我真不+真不+罗之+诸天之,,D1
D1_a1.50_r0.75,5453,304,0,13,10,36,12,13,6,0,0,7,刺客+围棋+工程+庆余年+康熙+梦幻+港片+漫画+舰娘+谍战+迪迦+铁血+首富,之我+我只+我真不+真不+罗之+诸天之,,D1
D1_a1.50_r0.80,5453,304,0,13,10,36,12,13,6,0,0,7,刺客+围棋+工程+庆余年+康熙+梦幻+港片+漫画+舰娘+谍战+迪迦+铁血+首富,之我+我只+我真不+真不+罗之+诸天之,,D1
D1_a1.50_r0.85,5453,304,0,13,10,36,12,13,6,0,0,7,刺客+围棋+工程+庆余年+康熙+梦幻+港片+漫画+舰娘+谍战+迪迦+铁血+首富,之我+我只+我真不+真不+罗之+诸天之,,D1
D1_a1.50_r0.90,5453,304,0,13,10,36,12,13,6,0,0,7,刺客+围棋+工程+庆余年+康熙+梦幻+港片+漫画+舰娘+谍战+迪迦+铁血+首富,之我+我只+我真不+真不+罗之+诸天之,,D1
L2_a1.50_r0.60,5454,305,0,13,10,36,12,13,6,0,0,7,刺客+围棋+工程+庆余年+康熙+梦幻+港片+漫画+舰娘+谍战+迪迦+铁血+首富,之我+我只+我真不+真不+罗之+诸天之,,L2
D1_a1.50_r0.60,5454,305,0,13,10,36,12,13,6,0,0,7,刺客+围棋+工程+庆余年+康熙+梦幻+港片+漫画+舰娘+谍战+迪迦+铁血+首富,之我+我只+我真不+真不+罗之+诸天之,,D1
D1_a1.50_r0.55,5457,308,0,13,10,36,13,13,6,0,0,7,刺客+围棋+工程+庆余年+康熙+梦幻+港片+漫画+舰娘+谍战+迪迦+铁血+首富,之我+我只+我真不+真不+罗之+诸天之,,D1
D1_a1.25_r0.95,5461,312,0,13,10,36,13,13,6,0,0,7,刺客+围棋+工程+庆余年+康熙+梦幻+港片+漫画+舰娘+谍战+迪迦+铁血+首富,之我+我只+我真不+真不+罗之+诸天之,,D1
D1_a1.25_r0.65,5466,317,0,13,10,36,13,13,6,0,0,7,刺客+围棋+工程+庆余年+康熙+梦幻+港片+漫画+舰娘+谍战+迪迦+铁血+首富,之我+我只+我真不+真不+罗之+诸天之,,D1
D1_a1.25_r0.70,5466,317,0,13,10,36,13,13,6,0,0,7,刺客+围棋+工程+庆余年+康熙+梦幻+港片+漫画+舰娘+谍战+迪迦+铁血+首富,之我+我只+我真不+真不+罗之+诸天之,,D1
D1_a1.25_r0.75,5466,317,0,13,10,36,13,13,6,0,0,7,刺客+围棋+工程+庆余年+康熙+梦幻+港片+漫画+舰娘+谍战+迪迦+铁血+首富,之我+我只+我真不+真不+罗之+诸天之,,D1
D1_a1.25_r0.80,5466,317,0,13,10,36,13,13,6,0,0,7,刺客+围棋+工程+庆余年+康熙+梦幻+港片+漫画+舰娘+谍战+迪迦+铁血+首富,之我+我只+我真不+真不+罗之+诸天之,,D1
D1_a1.25_r0.85,5466,317,0,13,10,36,13,13,6,0,0,7,刺客+围棋+工程+庆余年+康熙+梦幻+港片+漫画+舰娘+谍战+迪迦+铁血+首富,之我+我只+我真不+真不+罗之+诸天之,,D1
D1_a1.25_r0.90,5466,317,0,13,10,36,13,13,6,0,0,7,刺客+围棋+工程+庆余年+康熙+梦幻+港片+漫画+舰娘+谍战+迪迦+铁血+首富,之我+我只+我真不+真不+罗之+诸天之,,D1
D1_a1.25_r0.60,5467,318,0,13,10,36,13,13,6,0,0,7,刺客+围棋+工程+庆余年+康熙+梦幻+港片+漫画+舰娘+谍战+迪迦+铁血+首富,之我+我只+我真不+真不+罗之+诸天之,,D1
D1_a1.25_r0.55,5468,319,0,13,10,36,13,13,6,0,0,7,刺客+围棋+工程+庆余年+康熙+梦幻+港片+漫画+舰娘+谍战+迪迦+铁血+首富,之我+我只+我真不+真不+罗之+诸天之,,D1
D1_a1.00_r0.95,5488,339,0,14,11,36,13,14,7,0,0,7,刺客+围棋+工程+庆余年+康熙+捡属性+梦幻+港片+漫画+舰娘+谍战+迪迦+铁血+首富,之我+我只+我真不+界的+真不+罗之+诸天之,,D1
D1_a1.00_r0.65,5492,343,0,14,11,36,13,14,7,0,0,7,刺客+围棋+工程+庆余年+康熙+捡属性+梦幻+港片+漫画+舰娘+谍战+迪迦+铁血+首富,之我+我只+我真不+界的+真不+罗之+诸天之,,D1
D1_a1.00_r0.70,5492,343,0,14,11,36,13,14,7,0,0,7,刺客+围棋+工程+庆余年+康熙+捡属性+梦幻+港片+漫画+舰娘+谍战+迪迦+铁血+首富,之我+我只+我真不+界的+真不+罗之+诸天之,,D1
D1_a1.00_r0.75,5492,343,0,14,11,36,13,14,7,0,0,7,刺客+围棋+工程+庆余年+康熙+捡属性+梦幻+港片+漫画+舰娘+谍战+迪迦+铁血+首富,之我+我只+我真不+界的+真不+罗之+诸天之,,D1
D1_a1.00_r0.80,5492,343,0,14,11,36,13,14,7,0,0,7,刺客+围棋+工程+庆余年+康熙+捡属性+梦幻+港片+漫画+舰娘+谍战+迪迦+铁血+首富,之我+我只+我真不+界的+真不+罗之+诸天之,,D1
D1_a1.00_r0.85,5492,343,0,14,11,36,13,14,7,0,0,7,刺客+围棋+工程+庆余年+康熙+捡属性+梦幻+港片+漫画+舰娘+谍战+迪迦+铁血+首富,之我+我只+我真不+界的+真不+罗之+诸天之,,D1
D1_a1.00_r0.90,5492,343,0,14,11,36,13,14,7,0,0,7,刺客+围棋+工程+庆余年+康熙+捡属性+梦幻+港片+漫画+舰娘+谍战+迪迦+铁血+首富,之我+我只+我真不+界的+真不+罗之+诸天之,,D1
D1_a1.00_r0.55,5493,344,0,14,11,36,13,14,7,0,0,7,刺客+围棋+工程+庆余年+康熙+捡属性+梦幻+港片+漫画+舰娘+谍战+迪迦+铁血+首富,之我+我只+我真不+界的+真不+罗之+诸天之,,D1
D1_a1.00_r0.60,5493,344,0,14,11,36,13,14,7,0,0,7,刺客+围棋+工程+庆余年+康熙+捡属性+梦幻+港片+漫画+舰娘+谍战+迪迦+铁血+首富,之我+我只+我真不+界的+真不+罗之+诸天之,,D1
D1_a3.50_r0.50,5369,220,0,11,9,36,8,11,5,0,0,6,刺客+工程+庆余年+康熙+梦幻+港片+漫画+舰娘+谍战+迪迦+首富,之我+我只+我真+我真不+真不,,D1
D1_a3.25_r0.50,5375,226,0,11,9,36,8,11,5,0,0,6,刺客+工程+庆余年+康熙+梦幻+港片+漫画+舰娘+谍战+迪迦+首富,之我+我只+我真+我真不+真不,,D1
D1_a3.00_r0.50,5384,235,0,12,10,36,9,12,6,0,0,6,刺客+工程+庆余年+康熙+梦幻+港片+漫画+舰娘+谍战+迪迦+铁血+首富,之我+我只+我真+我真不+真不+诸天之,,D1
D1_a1.50_r0.50,5460,311,0,13,11,36,13,13,7,0,0,6,刺客+围棋+工程+庆余年+康熙+梦幻+港片+漫画+舰娘+谍战+迪迦+铁血+首富,之我+我只+我真+我真不+真不+罗之+诸天之,,D1
D1_a1.25_r0.50,5470,321,0,13,11,36,13,13,7,0,0,6,刺客+围棋+工程+庆余年+康熙+梦幻+港片+漫画+舰娘+谍战+迪迦+铁血+首富,之我+我只+我真+我真不+真不+罗之+诸天之,,D1
D1_a1.00_r0.50,5495,346,0,14,12,36,13,14,8,0,0,6,刺客+围棋+工程+庆余年+康熙+捡属性+梦幻+港片+漫画+舰娘+谍战+迪迦+铁血+首富,之我+我只+我真+我真不+界的+真不+罗之+诸天之,,D1
D3_roleonly0.7,5257,108,0,6,6,36,3,6,2,0,0,4,庆余年+康熙+舰娘+谍战+迪迦+首富,我真不+真不,,D3
D3_both+spe0.8,5443,294,0,14,16,36,14,14,12,0,0,2,刺客+围棋+工程+庆余年+康熙+捡属性+梦幻+港片+漫画+舰娘+谍战+迪迦+铁血+首富,之我+我只+我真不+是大+是我+游之+的我+真不+罗之+聊天+联盟之+诸天之,,D3
D3_both+spe0.8+rsr0.5,5443,294,0,14,16,36,14,14,12,0,0,2,刺客+围棋+工程+庆余年+康熙+捡属性+梦幻+港片+漫画+舰娘+谍战+迪迦+铁血+首富,之我+我只+我真不+是大+是我+游之+的我+真不+罗之+聊天+联盟之+诸天之,,D3
base(锚点),5149,0,0,0,4,36,1,0,0,0,0,0,,,,ref
